{"cameraMode":{"drawMode":0,"name":"Shaded","section":"Shading Mode"},"sceneLighting":false,"audioPlay":false,"sceneViewState":{"showFog":true,"showMaterialUpdate":false,"showSkybox":true,"showFlares":true,"showImageEffects":true,"showParticleSystems":true},"in2DMode":false,"pivot":{"x":-1.051451563835144,"y":0.8902996182441711,"z":-0.19925075769424439},"rotation":{"x":-0.14298179745674134,"y":-0.7328398823738098,"z":0.16241519153118134,"w":-0.6450760960578919},"size":2.8027820587158205,"orthographic":true}