{"cameraMode":{"drawMode":0,"name":"Shaded","section":"Shading Mode"},"sceneLighting":true,"audioPlay":false,"sceneViewState":{"showFog":true,"showMaterialUpdate":false,"showSkybox":true,"showFlares":true,"showImageEffects":true,"showParticleSystems":true},"in2DMode":false,"pivot":{"x":13.951611518859864,"y":106.27017974853516,"z":-64.26513671875},"rotation":{"x":0.4936645030975342,"y":-0.005458840634673834,"z":0.003110741265118122,"w":0.8696298003196716},"size":598.3118896484375,"orthographic":true}