{"cameraMode":{"drawMode":0,"name":"Shaded","section":"Shading Mode"},"sceneLighting":false,"audioPlay":false,"sceneViewState":{"showFog":true,"showMaterialUpdate":false,"showSkybox":true,"showFlares":true,"showImageEffects":true,"showParticleSystems":true},"in2DMode":false,"pivot":{"x":1.3754340410232545,"y":4.968146324157715,"z":0.8809360265731812},"rotation":{"x":-0.3973204493522644,"y":-0.12682583928108216,"z":0.05554662272334099,"w":-0.9071748852729797},"size":2.8578836917877199,"orthographic":false}