{"cameraMode":{"drawMode":0,"name":"Shaded","section":"Shading Mode"},"sceneLighting":false,"audioPlay":false,"sceneViewState":{"showFog":true,"showMaterialUpdate":false,"showSkybox":true,"showFlares":true,"showImageEffects":true,"showParticleSystems":true},"in2DMode":false,"pivot":{"x":0.9140640497207642,"y":0.878979504108429,"z":-0.22407211363315583},"rotation":{"x":-0.19498993456363679,"y":0.40812891721725466,"z":-0.08968717604875565,"w":-0.8873364925384522},"size":3.2679011821746828,"orthographic":true}