{"cameraMode":{"drawMode":0,"name":"Shaded","section":"Shading Mode"},"sceneLighting":false,"audioPlay":false,"sceneViewState":{"showFog":true,"showMaterialUpdate":false,"showSkybox":true,"showFlares":true,"showImageEffects":true,"showParticleSystems":true},"in2DMode":false,"pivot":{"x":-0.10500001907348633,"y":0.0,"z":-0.24000000953674317},"rotation":{"x":-0.2406250238418579,"y":0.32450053095817568,"z":-0.0857475996017456,"w":-0.9107394218444824},"size":4.461577415466309,"orthographic":true}