{"cameraMode":{"drawMode":0,"name":"Shaded","section":"Shading Mode"},"sceneLighting":false,"audioPlay":false,"sceneViewState":{"showFog":true,"showMaterialUpdate":false,"showSkybox":true,"showFlares":true,"showImageEffects":true,"showParticleSystems":true},"in2DMode":false,"pivot":{"x":-0.33843526244163515,"y":1.4340139627456666,"z":-0.008553911000490189},"rotation":{"x":0.08317413926124573,"y":-0.9100204706192017,"z":0.2229970544576645,"w":0.339436411857605},"size":6.116866111755371,"orthographic":true}