{"cameraMode":{"drawMode":0,"name":"Shaded","section":"Shading Mode"},"sceneLighting":false,"audioPlay":false,"sceneViewState":{"showFog":true,"showMaterialUpdate":false,"showSkybox":true,"showFlares":true,"showImageEffects":true,"showParticleSystems":true},"in2DMode":false,"pivot":{"x":0.6383335590362549,"y":-0.7326442003250122,"z":-0.4947997033596039},"rotation":{"x":0.08929780125617981,"y":0.35401126742362978,"z":0.033978402614593509,"w":-0.9303480386734009},"size":4.665200710296631,"orthographic":true}