{"cameraMode":{"drawMode":0,"name":"Shaded","section":"Shading Mode"},"sceneLighting":true,"audioPlay":false,"sceneViewState":{"showFog":true,"showMaterialUpdate":false,"showSkybox":true,"showFlares":true,"showImageEffects":true,"showParticleSystems":true},"in2DMode":false,"pivot":{"x":0.881820559501648,"y":0.31100034713745119,"z":-0.4291379153728485},"rotation":{"x":0.002448282204568386,"y":-0.9214260578155518,"z":0.005815017502754927,"w":0.38850271701812746},"size":4.393216133117676,"orthographic":true}