{"cameraMode":{"drawMode":0,"name":"Shaded","section":"Shading Mode"},"sceneLighting":false,"audioPlay":false,"sceneViewState":{"showFog":true,"showMaterialUpdate":false,"showSkybox":true,"showFlares":true,"showImageEffects":true,"showParticleSystems":true},"in2DMode":false,"pivot":{"x":-0.30370476841926577,"y":-1.2671332359313965,"z":0.7221242189407349},"rotation":{"x":-0.14005140960216523,"y":-0.6559817790985107,"z":0.12568897008895875,"w":-0.7309418320655823},"size":5.673828601837158,"orthographic":true}