{"cameraMode":{"drawMode":0,"name":"Shaded","section":"Shading Mode"},"sceneLighting":false,"audioPlay":false,"sceneViewState":{"showFog":true,"showMaterialUpdate":false,"showSkybox":true,"showFlares":true,"showImageEffects":true,"showParticleSystems":true},"in2DMode":false,"pivot":{"x":0.11660104990005493,"y":0.3145107328891754,"z":-4.281249046325684},"rotation":{"x":-0.3973204493522644,"y":-0.12682583928108216,"z":0.05554662272334099,"w":-0.9071748852729797},"size":13.641603469848633,"orthographic":false}