{"cameraMode":{"drawMode":0,"name":"Shaded","section":"Shading Mode"},"sceneLighting":false,"audioPlay":false,"sceneViewState":{"showFog":true,"showMaterialUpdate":false,"showSkybox":true,"showFlares":true,"showImageEffects":true,"showParticleSystems":true},"in2DMode":false,"pivot":{"x":0.025227904319763185,"y":0.0,"z":0.01238870620727539},"rotation":{"x":0.3431760370731354,"y":-0.21450574696063996,"z":0.08081992715597153,"w":0.9108708500862122},"size":3.757599115371704,"orthographic":true}