{"cameraMode":{"drawMode":0,"name":"Shaded","section":"Shading Mode"},"sceneLighting":false,"audioPlay":false,"sceneViewState":{"showFog":true,"showMaterialUpdate":false,"showSkybox":true,"showFlares":true,"showImageEffects":true,"showParticleSystems":true},"in2DMode":false,"pivot":{"x":0.4487631916999817,"y":0.045783936977386478,"z":-0.5815271735191345},"rotation":{"x":0.038679856806993487,"y":-0.00571224931627512,"z":-0.0002318882616236806,"w":-0.9992353320121765},"size":22.0,"orthographic":true}