{"cameraMode":{"drawMode":0,"name":"Shaded","section":"Shading Mode"},"sceneLighting":false,"audioPlay":false,"sceneViewState":{"showFog":true,"showMaterialUpdate":false,"showSkybox":true,"showFlares":true,"showImageEffects":true,"showParticleSystems":true},"in2DMode":false,"pivot":{"x":0.00040140748023986816,"y":1.1501502990722657,"z":0.0},"rotation":{"x":0.04226989299058914,"y":0.03595544397830963,"z":-0.0015220829518511892,"w":0.9984579086303711},"size":4.592619895935059,"orthographic":false}