{"cameraMode":{"drawMode":0,"name":"Shaded","section":"Shading Mode"},"sceneLighting":false,"audioPlay":false,"sceneViewState":{"showFog":true,"showMaterialUpdate":false,"showSkybox":true,"showFlares":true,"showImageEffects":true,"showParticleSystems":true},"in2DMode":false,"pivot":{"x":-0.31166988611221316,"y":1.4550426006317139,"z":-0.5250340104103088},"rotation":{"x":0.40126746892929079,"y":0.5631446242332459,"z":-0.36120426654815676,"w":0.6256070137023926},"size":3.837148904800415,"orthographic":false}