{"cameraMode":{"drawMode":0,"name":"Shaded","section":"Shading Mode"},"sceneLighting":true,"audioPlay":false,"sceneViewState":{"showFog":true,"showMaterialUpdate":false,"showSkybox":true,"showFlares":true,"showImageEffects":true,"showParticleSystems":true},"in2DMode":false,"pivot":{"x":513.20849609375,"y":252.56930541992188,"z":26.861984252929689},"rotation":{"x":0.04226989299058914,"y":0.03595544397830963,"z":-0.0015220829518511892,"w":0.9984579086303711},"size":1488.0423583984375,"orthographic":false}