{"cameraMode":{"drawMode":0,"name":"Shaded","section":"Shading Mode"},"sceneLighting":false,"audioPlay":false,"sceneViewState":{"showFog":true,"showMaterialUpdate":false,"showSkybox":true,"showFlares":true,"showImageEffects":true,"showParticleSystems":true},"in2DMode":false,"pivot":{"x":0.0,"y":0.585737407207489,"z":-0.12683409452438355},"rotation":{"x":-0.056656643748283389,"y":-0.01048749778419733,"z":-0.0005950811901129782,"w":0.998338520526886},"size":3.721980094909668,"orthographic":false}