{"cameraMode":{"drawMode":0,"name":"Shaded","section":"Shading Mode"},"sceneLighting":false,"audioPlay":false,"sceneViewState":{"showFog":true,"showMaterialUpdate":false,"showSkybox":true,"showFlares":true,"showImageEffects":true,"showParticleSystems":true},"in2DMode":false,"pivot":{"x":153.62857055664063,"y":157.4662322998047,"z":22.667160034179689},"rotation":{"x":0.03688879683613777,"y":-0.026968317106366159,"z":0.0009963077027350665,"w":0.9989549517631531},"size":577.9246215820313,"orthographic":false}