{"cameraMode":{"drawMode":0,"name":"Shaded","section":"Shading Mode"},"sceneLighting":false,"audioPlay":false,"sceneViewState":{"showFog":true,"showMaterialUpdate":false,"showSkybox":true,"showFlares":true,"showImageEffects":true,"showParticleSystems":true},"in2DMode":false,"pivot":{"x":0.0,"y":0.21346934139728547,"z":0.050000011920928958},"rotation":{"x":-0.3973204493522644,"y":-0.12682583928108216,"z":0.05554662272334099,"w":-0.9071748852729797},"size":4.609100818634033,"orthographic":false}