{"cameraMode":{"drawMode":0,"name":"Shaded","section":"Shading Mode"},"sceneLighting":true,"audioPlay":false,"sceneViewState":{"showFog":true,"showMaterialUpdate":false,"showSkybox":true,"showFlares":true,"showImageEffects":true,"showParticleSystems":true},"in2DMode":false,"pivot":{"x":0.13820670545101167,"y":0.7356820106506348,"z":1.094707727432251},"rotation":{"x":0.06327396631240845,"y":-0.8978096842765808,"z":0.1373540759086609,"w":0.41360387206077578},"size":7.628859519958496,"orthographic":true}